{
  "propostas": [
    {
      "titulo": "teste 1",
      "descricao": "teste teste teste",
      "area": "Recursos Humanos",
      "status": "Rascunho",
      "dataInicio": "2019-10-30T21:26:34.935Z",
      "dataTermino": "2019-10-30T21:26:34.935Z",
      "dadosFinanceiros": [
        {
          "ano": "2019",
          "janeiro": 10,
          "fevereiro": 10,
          "marco": 1,
          "abril": 10,
          "maio": 100,
          "junho": 1.11,
          "julho": 11.11,
          "agosto": 11.11,
          "setembro": 1.11,
          "outubro": 0.11,
          "novembro": 0.11,
          "dezembro": 0.11
        }
      ],
      "id": 1
    },
    {
      "titulo": "teste 2",
      "descricao": "teste 2",
      "area": "Administrativo",
      "status": "Rascunho",
      "dataInicio": "2019-10-30T21:28:00.535Z",
      "dataTermino": "2019-10-30T21:28:00.535Z",
      "dadosFinanceiros": [
        {
          "ano": "2019",
          "janeiro": 10,
          "fevereiro": 10,
          "marco": 10,
          "abril": 10,
          "maio": 10,
          "junho": 10,
          "julho": 10,
          "agosto": 10,
          "setembro": 10,
          "outubro": 10,
          "novembro": 10,
          "dezembro": 10
        }
      ],
      "id": 2
    },
    {
      "titulo": "teste 3",
      "descricao": "teste 3",
      "area": "Administrativo",
      "status": "Aprovada",
      "dataInicio": "2019-10-30T21:28:00.535Z",
      "dataTermino": "2019-10-30T21:28:00.535Z",
      "dadosFinanceiros": [
        {
          "ano": "2019",
          "janeiro": 10,
          "fevereiro": 10,
          "marco": 10,
          "abril": 10,
          "maio": 10,
          "junho": 10,
          "julho": 10,
          "agosto": 10,
          "setembro": 10,
          "outubro": 10,
          "novembro": 10,
          "dezembro": 10
        }
      ],
      "id": 3
    }

  ]
}
